{
  "name": "jsrender",
  "main": "jsrender.js",
  "homepage": "http://www.jsviews.com/#jsrender",
  "authors": [
    {
      "name": "Boris Moore",
      "email": "borismoore@gmail.com",
      "homepage": "https://github.com/borismoore"
    }
  ],
  "description": "Best-of-breed templating in browser or on Node.js (with Express 4, Hapi and Browserify integration)",
  "moduleType": [
    "amd",
    "globals",
    "node"
  ],
  "repository": {
    "type": "git",
    "url": "git://github.com/borismoore/jsrender.git"
  },
  "keywords": [
    "jsrender",
    "jquery",
    "node",
    "express",
    "hapi",
    "browserify",
    "templates",
    "template"
  ],
  "license": "MIT",
  "ignore": [
    "**/.*",
    "node_modules",
    "bower_components",
    "test",
    "demos",
    "*.md",
    "gulpfile.js",
    "package.json"
  ],
  "version": "0.9.88",
  "_release": "0.9.88",
  "_resolution": {
    "type": "version",
    "tag": "v0.9.88",
    "commit": "789044a91f441e84e2e0914b944495d53675a186"
  },
  "_source": "https://github.com/BorisMoore/jsrender.git",
  "_target": "*",
  "_originalSource": "jsrender"
}